portfolio,cumulative_return,annualized_return,annualized_volatility,sharpe_ratio,max_drawdown,calmar_ratio,win_rate,turnover
QRS Strategy,0.008806613589153578,0.002734946398331717,0.01593770243378005,0.1716023002496886,-0.02337935387004908,0.11698126533066482,0.54,25.0
Long-only Benchmark,0.08830441522075816,0.026709517317500042,0.024222133513047323,1.1026905331486545,-0.022458574884740234,1.189279259907456,0.5655430711610487,0.0
